{
  "timestamp": "2025-12-18T10:41:44.108576Z",
  "timestamp_unix": 1766054504,
  "metrics": {
    "us_10y_yield": 4.15,
    "us_10y_yield_7d_change": -0.47961630695442625,
    "bitcoin_price": 87313.0,
    "stablecoin_mcap": 308427938581.3031,
    "rwa_tvl": 17892416881.35923,
    "usdt_dominance": 6.156882664351404,
    "fed_net_liquidity": 5680346.639,
    "fed_net_liquidity_7d_change": 0.9114492490489672
  },
  "summary": {
    "total_metrics": 6,
    "successful": 6,
    "failed": 0
  }
}