{
  "timestamp": "2025-12-18T22:33:47.611892Z",
  "timestamp_unix": 1766097227,
  "metrics": {
    "us_10y_yield": 4.16,
    "us_10y_yield_7d_change": -0.47846889952152094,
    "bitcoin_price": 85557.0,
    "stablecoin_mcap": 307660506567.49634,
    "rwa_tvl": 17874958056.55465,
    "usdt_dominance": 6.2817518690761505,
    "fed_net_liquidity": 5723756.292,
    "fed_net_liquidity_7d_change": 1.6337438702013127
  },
  "summary": {
    "total_metrics": 6,
    "successful": 6,
    "failed": 0
  }
}