{
  "timestamp": "2025-12-18T18:16:38.701714Z",
  "timestamp_unix": 1766081798,
  "metrics": {
    "us_10y_yield": 4.15,
    "us_10y_yield_7d_change": -0.47961630695442625,
    "bitcoin_price": 86737.0,
    "stablecoin_mcap": 308022118770.2079,
    "rwa_tvl": 17926570228.32337,
    "usdt_dominance": 6.212396974530409,
    "fed_net_liquidity": 5680346.639,
    "fed_net_liquidity_7d_change": 0.9114492490489672
  },
  "summary": {
    "total_metrics": 6,
    "successful": 6,
    "failed": 0
  }
}