{
  "timestamp": "2025-12-19T04:24:59.715061Z",
  "timestamp_unix": 1766118299,
  "metrics": {
    "us_10y_yield": 4.16,
    "us_10y_yield_7d_change": -0.47846889952152094,
    "bitcoin_price": 87088.0,
    "stablecoin_mcap": 307619626610.0084,
    "rwa_tvl": 17849734624.936954,
    "usdt_dominance": 6.143654469319744,
    "fed_net_liquidity": 5723756.292,
    "fed_net_liquidity_7d_change": 1.6337438702013127
  },
  "summary": {
    "total_metrics": 6,
    "successful": 6,
    "failed": 0
  }
}