{
  "timestamp": "2025-12-18T23:11:08.649987Z",
  "timestamp_unix": 1766099468,
  "metrics": {
    "us_10y_yield": 4.16,
    "us_10y_yield_7d_change": -0.47846889952152094,
    "bitcoin_price": 85478.0,
    "stablecoin_mcap": 307660506567.49634,
    "rwa_tvl": 17871173836.591225,
    "usdt_dominance": 6.270310270716234,
    "fed_net_liquidity": 5723756.292,
    "fed_net_liquidity_7d_change": 1.6337438702013127
  },
  "summary": {
    "total_metrics": 6,
    "successful": 6,
    "failed": 0
  }
}