{
  "timestamp": "2025-12-19T05:51:41.218150Z",
  "timestamp_unix": 1766123501,
  "metrics": {
    "us_10y_yield": 4.16,
    "us_10y_yield_7d_change": -0.47846889952152094,
    "bitcoin_price": 86956.0,
    "stablecoin_mcap": 307561969378.7449,
    "rwa_tvl": 17850655178.115635,
    "usdt_dominance": 6.17152362241807,
    "fed_net_liquidity": 5723756.292,
    "fed_net_liquidity_7d_change": 1.6337438702013127
  },
  "summary": {
    "total_metrics": 6,
    "successful": 6,
    "failed": 0
  }
}