{
  "timestamp": "2025-12-19T11:01:07.870146Z",
  "timestamp_unix": 1766113267,
  "metrics": {
    "us_10y_yield": 4.16,
    "us_10y_yield_7d_change": -0.47846889952152094,
    "bitcoin_price": 88233.0,
    "stablecoin_mcap": 307568146997.1705,
    "rwa_tvl": 17884893779.176655,
    "usdt_dominance": 6.093475899759171,
    "fed_net_liquidity": 5723756.292,
    "fed_net_liquidity_7d_change": 1.6337438702013127
  },
  "summary": {
    "total_metrics": 6,
    "successful": 6,
    "failed": 0
  }
}