{
  "timestamp": "2025-12-19T07:07:40.526760Z",
  "timestamp_unix": 1766128060,
  "metrics": {
    "us_10y_yield": 4.16,
    "us_10y_yield_7d_change": -0.47846889952152094,
    "bitcoin_price": 87806.0,
    "stablecoin_mcap": 307577680467.29364,
    "rwa_tvl": 17855201868.531662,
    "usdt_dominance": 6.140543338294516,
    "fed_net_liquidity": 5723756.292,
    "fed_net_liquidity_7d_change": 1.6337438702013127
  },
  "summary": {
    "total_metrics": 6,
    "successful": 6,
    "failed": 0
  }
}