{
  "timestamp": "2025-12-18T09:56:20.537218Z",
  "timestamp_unix": 1766051780,
  "metrics": {
    "us_10y_yield": 4.15,
    "us_10y_yield_7d_change": -0.47961630695442625,
    "bitcoin_price": 87263.0,
    "stablecoin_mcap": 308444547302.1567,
    "rwa_tvl": 17908402097.01769,
    "usdt_dominance": 6.163394704629194,
    "fed_net_liquidity": 5680346.639,
    "fed_net_liquidity_7d_change": 0.9114492490489672
  },
  "summary": {
    "total_metrics": 6,
    "successful": 6,
    "failed": 0
  }
}