{
  "timestamp": "2025-12-19T03:52:29.955727Z",
  "timestamp_unix": 1766116349,
  "metrics": {
    "us_10y_yield": 4.16,
    "us_10y_yield_7d_change": -0.47846889952152094,
    "bitcoin_price": 87190.0,
    "stablecoin_mcap": 307654571211.3111,
    "rwa_tvl": 17849306012.13476,
    "usdt_dominance": 6.1666783809293415,
    "fed_net_liquidity": 5723756.292,
    "fed_net_liquidity_7d_change": 1.6337438702013127
  },
  "summary": {
    "total_metrics": 6,
    "successful": 6,
    "failed": 0
  }
}