{
  "timestamp": "2025-12-18T15:12:29.577564Z",
  "timestamp_unix": 1766070749,
  "metrics": {
    "us_10y_yield": 4.15,
    "us_10y_yield_7d_change": -0.47961630695442625,
    "bitcoin_price": 88261.0,
    "stablecoin_mcap": 308268424635.4239,
    "rwa_tvl": 17911981025.893856,
    "usdt_dominance": 6.0880786418838015,
    "fed_net_liquidity": 5680346.639,
    "fed_net_liquidity_7d_change": 0.9114492490489672
  },
  "summary": {
    "total_metrics": 6,
    "successful": 6,
    "failed": 0
  }
}