{
  "timestamp": "2025-12-19T04:50:49.762475Z",
  "timestamp_unix": 1766119849,
  "metrics": {
    "us_10y_yield": 4.16,
    "us_10y_yield_7d_change": -0.47846889952152094,
    "bitcoin_price": 86999.0,
    "stablecoin_mcap": 307619626610.0084,
    "rwa_tvl": 17852671558.896484,
    "usdt_dominance": 6.164085995278284,
    "fed_net_liquidity": 5723756.292,
    "fed_net_liquidity_7d_change": 1.6337438702013127
  },
  "summary": {
    "total_metrics": 6,
    "successful": 6,
    "failed": 0
  }
}