{
  "timestamp": "2025-12-18T06:07:22.728748Z",
  "timestamp_unix": 1766009242,
  "metrics": {
    "us_10y_yield": 4.15,
    "us_10y_yield_7d_change": -0.47961630695442625,
    "bitcoin_price": 86458.0,
    "stablecoin_mcap": 308595546891.8309,
    "rwa_tvl": 17898640704.693615,
    "usdt_dominance": 6.21703770774725,
    "fed_net_liquidity": 5680346.639,
    "fed_net_liquidity_7d_change": 0.9114492490489672
  },
  "summary": {
    "total_metrics": 6,
    "successful": 6,
    "failed": 0
  }
}