{
  "timestamp": "2025-12-18T11:40:21.604785Z",
  "timestamp_unix": 1766058021,
  "metrics": {
    "us_10y_yield": 4.15,
    "us_10y_yield_7d_change": -0.47961630695442625,
    "bitcoin_price": 87115.0,
    "stablecoin_mcap": 308428115503.32886,
    "rwa_tvl": 17907158021.887493,
    "usdt_dominance": 6.167890261199152,
    "fed_net_liquidity": 5680346.639,
    "fed_net_liquidity_7d_change": 0.9114492490489672
  },
  "summary": {
    "total_metrics": 6,
    "successful": 6,
    "failed": 0
  }
}