{
  "timestamp": "2025-12-17T22:44:08.741110",
  "timestamp_unix": 1765982648,
  "metrics": {
    "us_10y_yield": 4.18,
    "bitcoin_price": 87472.0,
    "stablecoin_mcap": 308810139674.8331,
    "rwa_tvl": 17905440459.14904,
    "usdt_dominance": 6.077652545568771,
    "fed_net_liquidity": 5680355.446
  },
  "summary": {
    "total_metrics": 6,
    "successful": 6,
    "failed": 0
  }
}