{
  "timestamp": "2025-12-18T20:31:35.492161Z",
  "timestamp_unix": 1766089895,
  "metrics": {
    "us_10y_yield": 4.15,
    "us_10y_yield_7d_change": -0.47961630695442625,
    "bitcoin_price": 84927.0,
    "stablecoin_mcap": 307778635080.8393,
    "rwa_tvl": 17880927300.96567,
    "usdt_dominance": 6.3025629133973196,
    "fed_net_liquidity": 5680345.292,
    "fed_net_liquidity_7d_change": 0.911458197574337
  },
  "summary": {
    "total_metrics": 6,
    "successful": 6,
    "failed": 0
  }
}