{
  "timestamp": "2025-12-18T21:10:11.366475Z",
  "timestamp_unix": 1766092211,
  "metrics": {
    "us_10y_yield": 4.15,
    "us_10y_yield_7d_change": -0.47961630695442625,
    "bitcoin_price": 85057.0,
    "stablecoin_mcap": 307778635080.8393,
    "rwa_tvl": 17879004677.16619,
    "usdt_dominance": 6.306226799584777,
    "fed_net_liquidity": 5680345.292,
    "fed_net_liquidity_7d_change": 0.911458197574337
  },
  "summary": {
    "total_metrics": 6,
    "successful": 6,
    "failed": 0
  }
}