{
  "timestamp": "2025-12-18T17:38:38.613004Z",
  "timestamp_unix": 1766079518,
  "metrics": {
    "us_10y_yield": 4.15,
    "us_10y_yield_7d_change": -0.47961630695442625,
    "bitcoin_price": 86032.0,
    "stablecoin_mcap": 308077284522.5625,
    "rwa_tvl": 17932868429.271217,
    "usdt_dominance": 6.232416167120293,
    "fed_net_liquidity": 5680346.639,
    "fed_net_liquidity_7d_change": 0.9114492490489672
  },
  "summary": {
    "total_metrics": 6,
    "successful": 6,
    "failed": 0
  }
}