{
  "timestamp": "2025-12-18T14:13:39.476581Z",
  "timestamp_unix": 1766067219,
  "metrics": {
    "us_10y_yield": 4.15,
    "us_10y_yield_7d_change": -0.47961630695442625,
    "bitcoin_price": 88496.0,
    "stablecoin_mcap": 307272527404.6194,
    "rwa_tvl": 17900801240.83122,
    "usdt_dominance": 6.032223210013377,
    "fed_net_liquidity": 5680346.639,
    "fed_net_liquidity_7d_change": 0.9114492490489672
  },
  "summary": {
    "total_metrics": 6,
    "successful": 6,
    "failed": 0
  }
}