{
  "timestamp": "2025-12-18T19:11:23.412739Z",
  "timestamp_unix": 1766085083,
  "metrics": {
    "us_10y_yield": 4.15,
    "us_10y_yield_7d_change": -0.47961630695442625,
    "bitcoin_price": 85740.0,
    "stablecoin_mcap": 308022118770.2079,
    "rwa_tvl": 17909243321.0099,
    "usdt_dominance": 6.261186541046975,
    "fed_net_liquidity": 5680345.292,
    "fed_net_liquidity_7d_change": 0.911458197574337
  },
  "summary": {
    "total_metrics": 6,
    "successful": 6,
    "failed": 0
  }
}