{
  "timestamp": "2025-12-18T08:49:38.561443Z",
  "timestamp_unix": 1766047778,
  "metrics": {
    "us_10y_yield": 4.15,
    "us_10y_yield_7d_change": -0.47961630695442625,
    "bitcoin_price": 86997.0,
    "stablecoin_mcap": 308253458963.4795,
    "rwa_tvl": 17907485011.649906,
    "usdt_dominance": 6.179222715160169,
    "fed_net_liquidity": 5680346.639,
    "fed_net_liquidity_7d_change": 0.9114492490489672
  },
  "summary": {
    "total_metrics": 6,
    "successful": 6,
    "failed": 0
  }
}