{
  "timestamp": "2025-12-21T07:46:44.771368Z",
  "timestamp_unix": 1766303204,
  "metrics": {
    "us_10y_yield": 4.12,
    "us_10y_yield_7d_change": -0.24213075060532172,
    "bitcoin_price": 88036.0,
    "stablecoin_mcap": 309255527204.1832,
    "rwa_tvl": 18004274951.483498,
    "usdt_dominance": 6.079508441249994,
    "fed_net_liquidity": 5723764.953,
    "fed_net_liquidity_7d_change": 1.6338584798923583
  },
  "summary": {
    "total_metrics": 6,
    "successful": 6,
    "failed": 0
  }
}