{
  "timestamp": "2025-12-18T16:14:56.281332Z",
  "timestamp_unix": 1766074496,
  "metrics": {
    "us_10y_yield": 4.15,
    "us_10y_yield_7d_change": -0.47961630695442625,
    "bitcoin_price": 88368.0,
    "stablecoin_mcap": 308186627586.0622,
    "rwa_tvl": 17893453349.732895,
    "usdt_dominance": 6.067739785484952,
    "fed_net_liquidity": 5680346.639,
    "fed_net_liquidity_7d_change": 0.9114492490489672
  },
  "summary": {
    "total_metrics": 6,
    "successful": 6,
    "failed": 0
  }
}