{
  "timestamp": "2025-12-18T07:40:40.142407Z",
  "timestamp_unix": 1766014840,
  "metrics": {
    "us_10y_yield": 4.15,
    "us_10y_yield_7d_change": -0.47961630695442625,
    "bitcoin_price": 86744.0,
    "stablecoin_mcap": 308590362732.2895,
    "rwa_tvl": 17906901377.012894,
    "usdt_dominance": 6.195830451747677,
    "fed_net_liquidity": 5680346.639,
    "fed_net_liquidity_7d_change": 0.9114492490489672
  },
  "summary": {
    "total_metrics": 6,
    "successful": 6,
    "failed": 0
  }
}