{
  "timestamp": "2025-12-19T02:47:00.896380Z",
  "timestamp_unix": 1766112420,
  "metrics": {
    "us_10y_yield": 4.16,
    "us_10y_yield_7d_change": -0.47846889952152094,
    "bitcoin_price": 85557.0,
    "stablecoin_mcap": 307641988356.3762,
    "rwa_tvl": 17867255571.966167,
    "usdt_dominance": 6.283336370853536,
    "fed_net_liquidity": 5723756.292,
    "fed_net_liquidity_7d_change": 1.6337438702013127
  },
  "summary": {
    "total_metrics": 6,
    "successful": 6,
    "failed": 0
  }
}