{
  "timestamp": "2025-12-21T08:13:59.807707Z",
  "timestamp_unix": 1766304839,
  "metrics": {
    "us_10y_yield": 4.12,
    "us_10y_yield_7d_change": -0.24213075060532172,
    "bitcoin_price": 88119.0,
    "stablecoin_mcap": 309281201004.3867,
    "rwa_tvl": 18004274951.483498,
    "usdt_dominance": 6.078430792725829,
    "fed_net_liquidity": 5723764.953,
    "fed_net_liquidity_7d_change": 1.6338584798923583
  },
  "summary": {
    "total_metrics": 6,
    "successful": 6,
    "failed": 0
  }
}