{
  "timestamp": "2025-12-18T14:54:49.228087Z",
  "timestamp_unix": 1766069689,
  "metrics": {
    "us_10y_yield": 4.15,
    "us_10y_yield_7d_change": -0.47961630695442625,
    "bitcoin_price": 88163.0,
    "stablecoin_mcap": 307272527404.6194,
    "rwa_tvl": 17911981025.893856,
    "usdt_dominance": 6.105128918685067,
    "fed_net_liquidity": 5680346.639,
    "fed_net_liquidity_7d_change": 0.9114492490489672
  },
  "summary": {
    "total_metrics": 6,
    "successful": 6,
    "failed": 0
  }
}